USE eleicao;

SET SQL_SAFE_UPDATES = 0;

INSERT INTO circulo(idCirculo, Designacao)
VALUES
		(1,'Aveiro'),
        (2,'Beja'),
        (3,'Braga'),
        (4,'Bragança'),
        (5,'Castelo Branco'),
        (6,'Coimbra'),
        (7,'Évora'),
        (8,'Faro'),
        (9,'Guarda'),
        (10,'Leiria'),
        (11,'Lisboa'),
        (12,'Portalegre'),
        (13,'Porto'),
        (14,'Santarém'),
        (15,'Setúbal'),
        (16,'Viana do Castelo'),
        (17,'Vila Real'),
        (18,'Viseu'),
        (19,'Açores'),
        (20,'Madeira');
        
select * from concelho;        
        
INSERT INTO concelho(idConcelho, Designacao, Circulo)
VALUES
		(1,'Espinho',1),
        (2,'Anadia',1),
        (3,'Arouca',1),
        (4,'Mealhada',1),
        (5,'Cuba',2),
        (6,'Castro Verde',2),
        (7,'Moura',2),
        (8,'Odemira',2),
        (9,'Amares',3),
        (10,'Barcelos',3),
        (11,'Fafe',3),
        (12,'Guimaraes',3),
        (13,'Vimioso',4),
        (14,'Mogadouro',4),
        (15,'Macedo de Cavaleiros',4),
        (16,'Miranda do Douro',4),
        (17,'Belmonte',5),
        (18,'Fundão',5),
        (19,'Oleiros',5),
        (20,'Vila do Rei',5),
        (21,'Arganil',6),
        (22,'Mira',6),
        (23,'Soure',6),
        (24,'Penela',6),
        (25,'Borba',7),
        (26,'Mora',7),
        (27,'Mourão',7),
        (28,'Portel',7),
        (29,'Albufeira',8),
        (30,'Loulé',8),
        (31,'Lagos',8),
        (32,'Tavira',8),
        (33,'Gouveia',9),
        (34,'Pinhel',9),
        (35,'Trancoso',9),
        (36,'Seia',9),
        (37,'Nazaré',10),
        (38,'Pombal',10),
        (39,'Peniche',10),
        (40,'Porto de Mós',10),
        (41,'Cascais',11),
        (42,'Mafra',11),
        (43,'Odivelas',11),
        (44,'Sintra',11),
        (45,'Avis',12),
        (46,'Campo Maior',12),
        (47,'Nisa',12),
        (48,'Gavão',12),
        (49,'Amarante',13),
        (50,'Maia',13),
        (51,'Lousada',13),
        (52,'Penafiel',13),
        (53,'Cartaxo',14),
        (54,'Coruche',14),
        (55,'Golegã',14),
        (56,'Rio Maior',14),
        (57,'Alcochete',15),
        (58,'Barreiro',15),
        (59,'Palmela',15),
        (60,'Moita',15),
        (61,'Caminha',16),
        (62,'Melgaço',16),
        (63,'Monção',16),
        (64,'Valença',16),
        (65,'Boticas',17),
        (66,'Chaves',17),
        (67,'Murça',17),
        (68,'Sabrosa',17),
        (69,'Cinfães',18),
        (70,'Lamego',18),
        (71,'Nelas',18),
        (72,'Vouzela',18),
        (73,'Crovo',19),
        (74,'Horta',19),
        (75,'Velas',19),
        (76,'Madalena',19),
        (77,'Machico',20),
        (78,'Funchal',20),
        (79,'Santana',20),
        (80,'Ponta do Sol',20);

INSERT INTO freguesia(idFreguesia, Designacao, Concelho)
VALUES
		(1,'Paramos',1),
        (2,'Silvaide',1),
        (3,'Chave',3),
        (4,'Sinja',3),
        (5,'Tropeço',3),
        (6,'São Torcato',12),
        (7,'Azurém',12),
        (8,'Barco',12),
        (9,'Brito',12),
        (10,'Figueiredo',12),
        (11,'Lordelo',12),
        (12,'Capinha',18),
        (13,'Salgueiros',18),
        (14,'Silvares',18),
        (15,'Lourinhã',60),
        (16,'Bobadela',65),
        (17,'Granja',65),
        (18,'Pinho',65),
        (19,'Curros',65),
        (20,'Beça',65),
        (21,'Alturas do Barroso',65),
        (22,'Caires',9),
        (23,'Dornelas',9),
        (24,'Fiscal',9),
        (25,'Bico',9),
        (26,'Rendufe',9),
        (27,'Lago',9),
        (28,'Barreiros',9),
        (29,'Carrazedo',9),
        (30,'Torre e Portela',9),
        (31,'Ferreiros',9),
        (32,'Caldelas',9),
        (33,'Sequeiros',9),
        (34,'Souro Pires',34),
        (35,'Vale do Côa',34),
        (36,'Vascoveiro',34),
        (37,'Pala',34),
        (38,'Estoril',41),
        (39,'Alcabideche',41),
        (40,'São Domingos de Rana',41),
        (41,'Milharado',42),
        (42,'Ericeira',42),
        (43,'Carvoeira',42),
        (44,'Encarnação',42),
        (45,'Malveira',42),
        (46,'Igreja Nova',42),
        (47,'Venda do Pinheiro',42),
        (48,'Famões',43),
        (49,'Ramada',43),
        (50,'Caneças',43),
        (51,'Olival do Basto',43),
        (52,'Póvoa de Santo Adrião',43),
        (53,'Pontinha',43),
        (54,'Colares',44),
        (55,'São Martinho',44),
        (56,'Montelevar',44),
        (57,'Pero Pinheiro',44),
        (58,'Terrugem',44),
        (59,'Belas',44),
        (60,'Queluz',44),
        (61,'S. Pedro de Penaferrim',44),
        (62,'Telões',49),
        (63,'Travanca',49),
        (64,'Louredo',49),
        (65,'Freguim',49),
        (66,'Gondar',49),
        (67,'Ansiães',49),
        (68,'Mancelos',49),
        (69,'Candemil',49),
        (70,'Rebordelo',49),
        (71,'Luzim',52),
        (72,'Eja',52),
        (73,'Lagares',52),
        (74,'Figueira',52),
        (75,'Oldrões',52),
        (76,'Irivo',52),
        (77,'Urrô',52),
        (78,'Croca',52),
        (79,'Perozelo',52),
        (80,'Galegos',52);   
        
 
-- SO VOU INSERIR ELEITORES EM LISBOA E BRAGA

INSERT INTO eleitor(Nome, Pass, Freguesia, eAdmin)
VALUES 

-- BRAGA -> AMARES
        ('Miguel Machado','123456',24,true),
        ('Diogo Duarte','qwerty',24,true),
        ('Pedro Silva','abcd',24,true),
        ('Rui Camposinhos','aeiou',31,true),
        ('Jorge Ferreira','098765',31,true),
        ('Manuel','a',32,false),
        ('Antonio','b',33,false),
        ('Heliodoro','c',25,false),
        ('Godofredo','d',24,false),
        ('André','098765',27,false),
-- BRAGA -> GUIMARAES
        ('Jorge','098765',6,false),
        ('Adélia','098765',6,false),
        ('Teresa','098765',6,false),
        ('Cristiana','098765',8,false),
        ('Ana','098765',7,false),
        ('Rita','098765',7,false),
        ('Carolina','098765',11,false),
        ('Juliana','098765',10,false),
        ('Inês','098765',11,false),
        ('Nuno','098765',9,false),
        ('Matombina','098765',8,false),
        ('Paulo','098765',9,false),
        ('Domingos','098765',7,false),
-- LISBOA -> CASCAIS
        ('Daniel','098765',38,false),
         ('Diogo','098765',38,false),
         ('Miguel','098765',40,false),
         ('Pedro','098765',40,false),
         ('Rui','098765',39,false),
         ('Ricardo','098765',40,false),
-- LISBOA -> MAFRA
        ('Patrick','098765',41,false),
        ('Marcelo','098765',41,false),
        ('Sandra','098765',41,false),
        ('Michel','098765',46,false),
        ('Nélson','098765',46,false),
        ('Poka','098765',46,false),
        ('Fred','098765',46,false),
        ('Tiago','098765',46,false),
-- LISBOA -> ODIVELAS 
        ('Oliver','098765',48,false),
        ('Laura','098765',48,false),
        ('Olivia','098765',48,false),
        ('Fátima','098765',48,false),
        ('Sofia','098765',48,false),
        ('Cristina','098765',49,false),
        ('Cris','098765',50,false),
        ('Marco','098765',50,false),
        ('Marcos','098765',50,false),
-- LISBOA -> SINTRA
        ('Maia','098765',54,false),
        ('Brito','098765',54,false),
        ('Machado','098765',55,false),
        ('Ângelo','098765',56,false),
        ('Gusto','098765',56,false),
        ('Augusto','098765',56,false),
        ('Joaquim','098765',56,false),
        ('Quim','098765',58,false),
        ('Orlando','098765',58,false),
        ('Catarina','098765',60,false),
        ('Daniela','098765',60,false),
        ('Tone','098765',60,false),
        ('João','098765',61,false),
        ('Fernando','098765',61,false),
        ('Jaime','098765',61,false);


INSERT INTO eleicao(idEleicao, Designacao, DataInicio, DataFim, Tipo, estaFechada)
VALUES 
        (1,'Eleição Legislativa 2015','2015-10-04 08:00:00','2015-10-04 19:00:00',1,false),
        (2,'Eleição Presidencial 2016','2016-01-24 08:00:00','2016-01-24 19:00:00',2,false),
        (3,'Eleição Legislativa 2011','2011-06-05 08:00:00','2011-06-05 19:00:00',1,false),
        (4,'Eleição Presidencial 2006','2006-01-22 08:00:00','2006-01-22 19:00:00',2,false);
        
 
INSERT INTO candidatura (Designacao, LogotipoFilePath, Eleicao)
VALUES 
        ('PSD/CDS','',1),
        ('PS','',1),
        ('CDU','',1),
        ('BE','',1),

        ('Maria de Belém','',2),
        ('Marcelo Rebelo de Sousa','',2),
        ('Sampaio da Nóvoa','',2),
        ('Marisa Matias','',2),
        
        ('PSD','',3),
        ('PS','',3),
        ('CDS','',3),
        ('BE','',3),
        ('CDU','',3),
        
        ('Manuel Alegre','',4),
        ('Cavaco Silva','',4),
        ('Mário Soares','',4);

INSERT INTO candidato(Nome, Candidatura, Circulo, Eleito, Posicao)
VALUES

-- ELEICAO 1

        ('Passos Coelho',1,11,false,1),
        ('Paulo Portas',1,11,false,2),
        ('Jorge Moreira da Silva',1,3,false,1),
        ('Fernando Negrão',1,3,false,2),
        ('Clara Maques Mendes',1,3,false,3),
        ('António Costa',2,11,false,1),
        ('Ferro Rodrigues',2,11,false,2),
        ('Manuel Caldeira Cabral',2,3,false,1),
        ('Joaquim Barreto',2,3,false,2),
        ('Sónia Fertuzinhos',2,3,false,3),
        ('Jerónimo de Sousa',3,11,false,1),
        ('Rita Rato',3,11,false,2),
        ('Carla Cruz',3,3,false,1),
        ('Anabela Moreira',3,3,false,2),
        ('Sónia Almeida',3,3,false,3),
        ('Mariana Mortágua',4,11,false,1),
        ('Pedro Filipe Soares',4,11,false,2),
        ('Pedro Soares',4,3,false,1),
        ('Criatiana Moreira',4,3,false,2),
        ('Sónia Brito',4,3,false,3),
        
-- ELEICAO 3

        ('Fernando Nobre',9,11,false,1),
        ('Paula Cruz',9,11,false,2),
        ('Miguel Silva',9,3,false,1),
        ('Fernando Negrão',9,3,false,2),
        ('Maria Almeida',9,3,false,3),
        ('Eduardo Rodrigues',10,11,false,1),
        ('Alberto Costa',10,11,false,2),
        ('António Seguro',10,3,false,1),
        ('António Braga',10,3,false,2),
        ('Maria Canavilhas',10,3,false,3),
        ('Teresa Caeiro',11,11,false,1),
        ('Luís Soares',11,11,false,2),
        ('Telmo Correia',11,3,false,1),
        ('Altino Bessa',11,3,false,2),
        ('Otília Gomes',11,3,false,3),
        ('Mariana Mortágua',12,11,false,1),
        ('Pedro Filipe Soares',12,11,false,2),
        ('Francisco Louçã',12,3,false,1),
        ('Ana Drago',12,3,false,2),
        ('Luís Fazenda',12,3,false,3),
        ('Jerónimo de Sousa',13,11,false,1),
        ('Bernardino Soares',13,11,false,2),
        ('Agostinho Lopes',13,3,false,1),
        ('Carla Cruz',13,3,false,2),
        ('Manuel Carvoeiro',13,3,false,3);



INSERT INTO eleitoreleicao(Eleitor, Eleicao)
        VALUES
        (1,1),
        (2,1),
        (3,1),
        (4,1),
        (44,1),
        (31,1),
        (32,1),
        (33,1),
        (34,1),
        (47,1),
        (39,1),
        (60,1),
        (51,1),
        (52,1),
        (55,1),
        (57,1),
        (56,1),
        (59,1),
        (49,1),
        (1,2),
        (2,2),
        (3,2),
        (4,2),
        (44,2),
        (31,2),
        (32,2),
        (33,2),
        (34,2),
        (47,2),
        (39,2),
        (60,2),
        (51,2),
        (52,2),
        (55,2),
        (57,2),
        (56,2),
        (59,2),
        (49,2),
        (1,3),
        (2,3),
        (3,3),
        (4,3),
        (44,3),
        (31,3),
        (32,3),
        (33,3),
        (34,3),
        (47,3),
        (39,3),
        (60,3),
        (51,3),
        (52,3),
        (55,3),
        (57,3),
        (56,3),
        (59,3),
        (49,3),
        (1,4),
        (2,4),
        (3,4),
        (4,4),
        (6,4),        
        (44,4),
        (31,4),
        (32,4),
        (33,4),
        (34,4),
        (47,4),
        (39,4),
        (60,4),
        (51,4),
        (52,4),
        (55,4),
        (57,4),
        (56,4),
        (59,4),
        (49,4);


        

INSERT INTO candidaturafreguesia(Candidatura, Freguesia, NrVotos)
VALUES

-- ELEICAO 1 -> CANDIDATURAS 1 2 3 4
-- ELEICAO 2 -> CANDIDATURAS 5 6 7 8
-- ELEICAO 3 -> CANDIDATURAS 9 10 11 12 13
-- ELEICAO 4 -> CANDIDATURAS 14 15 16

        (1,24,2),
        (2,24,1),
        (4,31,1),
        (1,41,2),
        (3,41,1),
        (1,46,1),
        (1,48,1),
        (2,50,1),
        (3,50,1),
        (4,54,1),
        (2,56,2),
        (3,58,1),
        (1,58,1),
        (2,60,1),
        (3,60,1),
        (5,24,2),
        (7,24,1),
        (5,31,1),
        (6,41,2),
        (5,41,1),
        (7,46,1),
        (8,48,1),
        (6,50,1),
        (5,50,1),
        (6,24,2),
        (6,54,1),
        (7,56,2),
        (8,58,1),
        (7,58,1),
        (8,60,1),
        (7,60,1),
        (10,24,2),
        (9,24,1),
        (10,31,1),
        (10,41,2),
        (11,41,1),
        (11,46,1),
        (11,48,1),
        (13,50,1),
        (12,50,1),
        (13,24,2),
        (13,54,1),
        (12,56,2),
        (13,58,1),
        (11,58,1),
        (12,60,1),
        (9,60,1),
        (14,24,2),
        (15,24,1),
        (15,31,1),
        (14,41,2),
        (15,41,1),
        (16,46,1),
        (16,48,1),
        (16,50,1),
        (14,50,1),
        (16,24,2),
        (15,54,1),
        (16,56,2),
        (14,58,1),
        (15,58,1),
        (16,60,1),
        (14,60,1);


    
SET SQL_SAFE_UPDATES = 1;
        
			

